FILE_VERSION	2.0.0
NO_OF_FRAMES	700
NO_OF_CAMERAS	2
NO_OF_MARKERS	2
FREQUENCY	100
DESCRIPTION	--
TIME_STAMP	2026-10-02, 16:34:49.058	12932.22457050
DATA_INCLUDED	3D
MARKER_NAMES	New 0000	New 0001
TRAJECTORY_TYPES	Measured	Mixed
1	0.00000	119.175	505.385	391.548	0.000	0.000	0.000
2	0.01000	122.845	505.786	391.248	0.000	0.000	0.000
3	0.02000	126.693	505.855	391.484	941.468	553.679	399.711
4	0.03000	130.414	505.888	391.478	938.613	553.490	399.718
5	0.04000	134.255	505.981	391.567	935.735	553.311	399.806
6	0.05000	137.748	506.008	391.455	932.925	553.245	399.799
7	0.06000	141.483	505.917	391.463	930.086	553.184	399.744
8	0.07000	145.248	505.934	391.726	927.219	553.079	399.779
9	0.08000	148.907	506.228	391.569	924.309	553.054	399.675
10	0.09000	152.595	506.674	391.503	921.546	553.086	399.839
11	0.10000	156.173	506.960	391.556	918.741	552.974	399.895
12	0.11000	160.001	507.192	391.542	915.886	552.891	399.836
13	0.12000	163.702	507.737	391.417	913.029	552.756	399.979
14	0.13000	167.448	507.937	391.705	910.191	552.597	399.916
15	0.14000	171.060	508.296	391.563	907.359	552.501	399.936
16	0.15000	174.739	508.674	391.607	904.513	552.308	399.959
17	0.16000	178.510	509.009	391.631	901.696	552.071	400.044
18	0.17000	182.193	509.377	391.492	898.847	551.863	399.998
19	0.18000	185.941	509.479	391.828	896.004	551.603	399.970
20	0.19000	189.626	509.603	391.693	893.193	551.304	400.015
21	0.20000	193.323	509.759	391.743	890.369	551.042	400.074
22	0.21000	196.975	509.889	391.512	887.514	550.756	400.056
23	0.22000	200.685	509.943	391.656	884.622	550.540	400.059
24	0.23000	204.436	509.998	391.431	881.845	550.174	400.224
25	0.24000	208.050	510.013	391.622	879.013	549.933	400.203
26	0.25000	211.737	510.355	391.662	876.158	549.727	400.154
27	0.26000	215.548	510.496	391.716	873.338	549.538	400.210
28	0.27000	219.253	510.690	391.638	870.535	549.316	400.198
29	0.28000	222.916	511.148	391.556	867.675	549.203	400.207
30	0.29000	226.520	511.263	391.660	864.841	549.021	400.217
31	0.30000	230.276	511.540	391.605	861.993	548.901	400.297
32	0.31000	233.985	511.701	391.711	859.085	548.783	400.203
33	0.32000	237.466	512.318	391.423	856.206	548.689	400.193
34	0.33000	241.234	512.489	391.510	853.373	548.651	400.296
35	0.34000	244.812	512.595	391.473	850.512	548.640	400.338
36	0.35000	248.614	513.160	391.536	847.696	548.505	400.369
37	0.36000	252.304	513.417	391.435	844.843	548.350	400.285
38	0.37000	256.059	513.566	391.670	842.041	548.227	400.361
39	0.38000	259.620	514.041	391.550	839.166	548.150	400.371
40	0.39000	263.374	514.262	391.456	836.297	548.026	400.345
41	0.40000	267.049	514.232	391.493	833.460	547.886	400.334
42	0.41000	270.743	514.326	391.603	830.581	547.716	400.291
43	0.42000	274.461	514.509	391.532	827.763	547.480	400.422
44	0.43000	278.153	514.820	391.494	824.903	547.305	400.396
45	0.44000	281.911	514.917	391.519	822.091	547.004	400.407
46	0.45000	285.663	514.896	391.624	819.246	546.795	400.480
47	0.46000	289.375	515.066	391.737	816.412	546.525	400.369
48	0.47000	293.091	515.206	391.806	813.531	546.279	400.475
49	0.48000	296.773	515.586	391.610	810.724	546.091	400.540
50	0.49000	300.414	515.691	391.715	807.881	545.795	400.468
51	0.50000	304.180	515.881	391.775	804.963	545.593	400.437
52	0.51000	307.825	516.278	391.593	802.137	545.321	400.355
53	0.52000	311.490	516.404	391.772	799.349	545.032	400.475
54	0.53000	315.172	516.731	391.716	796.444	544.842	400.497
55	0.54000	318.920	517.129	391.703	793.628	544.649	400.424
56	0.55000	322.604	517.362	391.777	790.762	544.549	400.398
57	0.56000	326.214	517.710	391.664	787.877	544.377	400.485
58	0.57000	329.972	518.028	391.884	784.988	544.267	400.510
59	0.58000	333.636	518.340	391.745	782.180	544.204	400.604
60	0.59000	337.330	518.557	391.599	779.358	544.012	400.573
61	0.60000	341.006	518.805	391.800	776.473	543.865	400.549
62	0.61000	344.709	518.956	391.814	773.613	543.743	400.575
63	0.62000	348.446	519.098	391.711	770.743	543.631	400.596
64	0.63000	352.144	519.277	391.695	767.928	543.586	400.614
65	0.64000	355.820	519.447	391.708	765.031	543.507	400.586
66	0.65000	359.508	519.555	391.926	762.204	543.343	400.578
67	0.66000	363.225	519.750	391.894	759.369	543.188	400.668
68	0.67000	366.896	519.889	391.775	756.485	543.046	400.660
69	0.68000	370.589	520.017	391.849	753.612	542.970	400.498
70	0.69000	374.290	520.215	391.967	750.844	542.661	400.623
71	0.70000	377.961	520.412	391.924	747.937	542.459	400.731
72	0.71000	381.650	520.638	391.844	745.059	542.228	400.665
73	0.72000	385.320	520.721	392.025	742.209	542.026	400.704
74	0.73000	389.042	520.989	392.120	739.370	541.798	400.748
75	0.74000	392.688	521.255	392.055	736.526	541.572	400.640
76	0.75000	396.386	521.563	392.079	733.665	541.339	400.618
77	0.76000	400.085	521.929	392.000	730.812	541.126	400.764
78	0.77000	403.822	522.148	392.163	727.951	540.872	400.729
79	0.78000	407.498	522.438	392.146	725.020	540.608	400.586
80	0.79000	411.145	522.604	392.334	722.186	540.382	400.679
81	0.80000	414.795	522.868	392.383	719.397	540.133	400.710
82	0.81000	418.478	523.164	392.460	716.503	539.925	400.688
83	0.82000	421.192	522.247	400.702	713.603	539.701	400.660
84	0.83000	423.907	521.403	408.381	710.773	539.511	400.639
85	0.84000	427.557	521.585	408.557	707.943	539.545	400.781
86	0.85000	432.163	522.886	400.442	705.070	539.408	400.834
87	0.86000	435.852	523.131	400.526	702.244	539.247	400.792
88	0.87000	439.574	523.342	400.205	699.427	539.068	400.770
89	0.88000	443.145	523.486	400.470	696.533	538.911	400.839
90	0.89000	446.916	523.544	400.632	693.630	538.804	400.830
91	0.90000	450.576	523.719	400.338	690.824	538.690	400.876
92	0.91000	454.184	523.771	400.229	687.958	538.569	400.843
93	0.92000	457.812	523.946	400.532	685.020	538.417	400.808
94	0.93000	461.482	524.155	400.398	682.188	538.228	400.795
95	0.94000	465.127	524.362	400.610	679.357	538.098	400.791
96	0.95000	468.884	524.617	400.389	676.420	538.043	400.799
97	0.96000	472.482	524.971	400.475	673.562	537.903	400.805
98	0.97000	476.154	524.968	400.504	670.744	537.658	400.789
99	0.98000	479.760	525.490	400.461	667.881	537.400	400.824
100	0.99000	483.403	525.807	400.750	665.008	537.194	400.842
101	1.00000	487.018	526.122	400.655	662.180	536.924	400.793
102	1.01000	490.662	526.322	400.628	659.326	536.732	400.883
103	1.02000	494.307	526.591	400.679	656.461	536.575	400.941
104	1.03000	497.969	526.936	400.648	653.626	536.308	400.811
105	1.04000	501.634	527.067	400.633	650.771	536.103	400.973
106	1.05000	505.295	527.312	400.648	647.925	535.910	401.034
107	1.06000	508.930	527.534	400.705	645.068	535.636	400.874
108	1.07000	512.572	527.616	400.741	642.167	535.442	400.970
109	1.08000	516.211	527.841	400.621	639.344	535.278	401.018
110	1.09000	519.888	528.166	400.628	636.495	535.083	400.990
111	1.10000	523.523	528.287	400.689	633.605	534.863	400.984
112	1.11000	527.171	528.395	400.640	630.769	534.716	401.015
113	1.12000	530.859	528.524	400.702	627.901	534.571	401.128
114	1.13000	534.482	528.799	400.717	625.021	534.395	401.067
115	1.14000	538.103	528.993	400.824	622.169	534.240	400.910
116	1.15000	541.784	529.158	400.796	619.292	534.097	401.084
117	1.16000	545.452	529.279	400.878	616.444	534.000	401.021
118	1.17000	549.138	529.639	400.894	613.538	533.865	401.051
119	1.18000	552.794	529.820	400.754	610.680	533.680	401.085
120	1.19000	556.415	530.085	400.789	607.871	533.647	401.052
121	1.20000	559.995	530.427	400.745	604.964	533.482	401.154
122	1.21000	563.608	530.696	400.795	602.113	533.384	401.102
123	1.22000	567.244	530.825	400.913	599.266	533.241	401.230
124	1.23000	573.475	533.330	389.966	597.757	533.138	401.635
125	1.24000	573.888	533.187	390.947	597.259	533.019	402.082
126	1.25000	573.514	533.226	391.467	597.444	532.829	402.339
127	1.26000	570.935	531.130	401.018	597.987	532.513	402.169
128	1.27000	570.733	531.570	400.892	598.559	532.016	401.340
129	1.28000	570.419	530.894	400.981	598.953	532.827	401.122
130	1.29000	570.209	530.344	400.831	599.347	533.467	401.156
131	1.30000	570.197	529.969	401.009	599.865	533.765	401.067
132	1.31000	570.010	530.036	400.930	600.232	534.227	401.171
133	1.32000	569.756	530.164	400.978	600.732	534.110	401.286
134	1.33000	569.550	530.450	400.909	601.141	533.898	401.039
135	1.34000	569.375	530.815	400.968	601.609	533.549	401.180
136	1.35000	569.172	531.149	400.833	602.056	533.040	401.084
137	1.36000	569.010	531.621	400.786	602.552	532.652	401.085
138	1.37000	568.804	531.647	400.696	602.947	532.344	401.206
139	1.38000	568.614	531.674	400.767	603.430	532.189	401.076
140	1.39000	568.488	531.496	400.831	603.840	532.178	401.184
141	1.40000	568.267	531.209	400.925	604.233	532.345	401.207
142	1.41000	568.092	530.964	400.833	604.681	532.670	401.071
143	1.42000	568.020	530.693	400.909	605.065	533.110	401.279
144	1.43000	567.786	530.284	400.740	605.466	533.442	401.099
145	1.44000	567.574	530.092	400.783	605.854	533.842	401.147
146	1.45000	567.401	530.061	400.810	606.221	534.102	401.134
147	1.46000	567.182	530.040	400.922	606.671	534.314	401.092
148	1.47000	566.986	530.252	400.880	607.077	534.352	401.077
149	1.48000	566.892	530.675	400.851	607.534	534.184	401.084
150	1.49000	566.594	530.846	400.711	608.012	533.992	401.069
151	1.50000	566.428	531.119	400.921	608.432	533.681	401.135
152	1.51000	566.215	531.356	400.860	608.888	533.370	401.061
153	1.52000	565.986	531.513	400.912	609.296	533.193	401.151
154	1.53000	565.744	531.546	400.809	609.696	532.883	401.020
155	1.54000	565.640	531.487	400.803	610.206	532.723	401.040
156	1.55000	565.391	531.010	400.805	610.620	532.736	401.181
157	1.56000	565.213	530.833	400.654	611.047	532.833	401.034
158	1.57000	565.072	530.630	400.924	611.412	533.017	401.071
159	1.58000	564.849	530.215	400.914	611.846	533.345	401.119
160	1.59000	564.658	530.155	400.704	612.293	533.632	401.065
161	1.60000	564.463	529.976	400.725	612.682	533.961	401.208
162	1.61000	564.269	529.986	400.681	613.130	534.264	401.124
163	1.62000	564.033	529.965	400.818	613.539	534.446	401.097
164	1.63000	563.803	530.032	400.922	613.903	534.629	401.198
165	1.64000	563.673	530.350	401.070	614.358	534.596	400.993
166	1.65000	563.414	530.656	400.813	614.772	534.557	401.087
167	1.66000	563.141	530.784	400.678	615.201	534.495	401.033
168	1.67000	562.939	530.934	400.839	615.687	534.243	400.984
169	1.68000	562.728	531.198	400.989	616.028	534.091	401.008
170	1.69000	562.447	531.278	400.888	616.521	533.916	401.053
171	1.70000	562.333	531.243	400.872	616.968	533.774	401.071
172	1.71000	562.155	531.047	400.820	617.401	533.509	401.042
173	1.72000	561.909	530.749	400.754	617.852	533.329	400.945
174	1.73000	561.677	530.489	400.791	618.262	533.349	401.058
175	1.74000	561.578	530.316	401.042	618.690	533.386	400.961
176	1.75000	561.321	530.051	400.854	619.081	533.458	400.958
177	1.76000	561.102	529.867	400.771	619.511	533.728	401.134
178	1.77000	560.862	529.740	400.667	619.923	533.920	401.017
179	1.78000	560.618	529.688	400.792	620.373	534.066	401.103
180	1.79000	560.411	529.854	400.853	620.777	534.218	400.956
181	1.80000	560.216	530.007	400.882	621.191	534.514	401.014
182	1.81000	560.050	530.266	400.847	621.584	534.649	401.137
183	1.82000	559.705	530.395	400.810	622.005	534.887	400.988
184	1.83000	559.462	530.478	400.707	622.430	534.950	401.082
185	1.84000	559.292	530.598	400.854	622.876	535.022	401.013
186	1.85000	559.028	530.947	400.901	623.316	535.057	400.961
187	1.86000	558.833	530.973	400.858	623.743	535.039	401.100
188	1.87000	558.639	530.953	400.814	624.157	534.978	401.056
189	1.88000	558.499	530.685	400.924	624.546	534.892	401.036
190	1.89000	558.165	530.433	400.869	624.901	534.654	400.992
191	1.90000	557.918	530.331	400.863	625.422	534.541	401.032
192	1.91000	557.831	530.170	400.849	625.858	534.431	401.089
193	1.92000	557.606	530.019	400.764	626.216	534.351	400.957
194	1.93000	557.338	529.666	400.653	626.676	534.189	400.909
195	1.94000	557.073	529.569	400.772	627.104	534.147	400.955
196	1.95000	556.836	529.556	400.863	627.554	534.102	400.963
197	1.96000	556.655	529.631	400.751	627.985	534.128	400.994
198	1.97000	556.455	529.689	400.728	628.381	534.139	401.022
199	1.98000	556.275	529.898	400.786	628.813	534.279	400.962
200	1.99000	555.971	530.066	400.844	629.157	534.524	401.062
201	2.00000	555.688	530.162	400.861	629.622	534.602	401.052
202	2.01000	555.437	530.379	400.795	630.039	534.718	401.044
203	2.02000	555.244	530.461	400.737	630.448	534.802	401.023
204	2.03000	555.047	530.668	400.805	630.840	534.956	400.886
205	2.04000	554.794	530.621	400.922	631.221	535.344	401.086
206	2.05000	554.570	530.498	400.986	631.668	535.479	401.086
207	2.06000	554.323	530.409	400.981	632.088	535.562	401.030
208	2.07000	554.113	530.161	400.826	632.506	535.588	401.068
209	2.08000	553.864	529.974	400.661	632.934	535.602	401.024
210	2.09000	553.701	529.811	400.880	633.338	535.618	401.067
211	2.10000	553.451	529.535	400.933	633.741	535.515	401.045
212	2.11000	553.169	529.469	400.863	634.183	535.390	401.024
213	2.12000	552.936	529.425	400.839	634.551	535.238	401.013
214	2.13000	552.727	529.411	400.754	634.978	535.194	400.938
215	2.14000	552.483	529.411	400.932	635.428	535.083	400.947
216	2.15000	552.295	529.633	401.029	635.859	535.065	401.028
217	2.16000	552.051	529.701	400.979	636.293	535.021	400.921
218	2.17000	551.824	529.809	400.805	636.664	534.964	400.912
219	2.18000	551.498	529.955	400.809	637.075	534.771	400.886
220	2.19000	551.259	530.003	400.854	637.452	534.723	400.829
221	2.20000	551.021	530.145	400.921	637.917	534.796	400.948
222	2.21000	550.847	530.293	400.887	638.338	534.860	400.926
223	2.22000	550.590	530.227	400.907	638.693	535.064	400.854
224	2.23000	550.415	530.270	400.976	639.118	535.233	401.034
225	2.24000	550.116	530.220	401.032	639.555	535.295	401.007
226	2.25000	549.822	530.091	400.982	639.942	535.358	401.028
227	2.26000	549.612	529.875	400.777	640.343	535.457	400.953
228	2.27000	549.412	529.737	400.834	640.746	535.584	400.831
229	2.28000	549.188	529.696	400.822	641.110	535.840	400.944
230	2.29000	548.991	529.566	400.977	641.523	536.039	400.976
231	2.30000	548.770	529.512	400.947	641.912	536.134	401.015
232	2.31000	548.509	529.489	400.886	642.338	536.161	401.023
233	2.32000	548.234	529.325	400.797	642.766	536.209	400.985
234	2.33000	548.000	529.308	400.774	643.149	536.197	401.023
235	2.34000	547.779	529.214	400.874	643.528	536.129	400.952
236	2.35000	547.558	529.347	400.918	643.977	535.916	400.991
237	2.36000	547.318	529.525	400.800	644.377	535.837	400.976
238	2.37000	547.041	529.608	400.798	644.824	535.737	400.913
239	2.38000	546.699	529.559	400.790	645.225	535.692	400.930
240	2.39000	546.451	529.654	400.862	645.631	535.599	400.928
241	2.40000	546.211	529.682	400.859	646.011	535.564	400.890
242	2.41000	546.011	529.754	400.724	646.361	535.532	400.878
243	2.42000	545.790	529.792	400.745	646.804	535.560	400.913
244	2.43000	545.562	529.770	400.853	647.219	535.599	400.881
245	2.44000	545.264	529.728	400.860	647.647	535.644	400.892
246	2.45000	545.053	529.811	400.814	648.018	535.600	400.888
247	2.46000	544.782	529.671	400.720	648.431	535.633	400.826
248	2.47000	544.498	529.493	400.771	648.807	535.836	400.965
249	2.48000	544.284	529.417	400.773	649.222	535.932	401.012
250	2.49000	544.040	529.359	400.854	649.628	535.977	401.016
251	2.50000	543.875	529.216	400.799	650.019	536.023	400.978
252	2.51000	543.702	529.118	400.845	650.403	536.095	400.927
253	2.52000	543.459	529.086	400.809	650.808	536.179	400.886
254	2.53000	543.117	528.873	400.896	651.149	536.308	400.837
255	2.54000	542.928	528.892	400.936	651.595	536.494	400.893
256	2.55000	542.700	528.992	400.865	651.960	536.707	400.976
257	2.56000	542.455	529.071	400.920	652.319	536.764	400.920
258	2.57000	542.147	529.135	400.838	652.764	536.802	400.988
259	2.58000	541.849	529.197	400.765	653.161	536.801	400.979
260	2.59000	541.589	529.346	400.805	653.529	536.739	400.962
261	2.60000	541.357	529.400	400.767	653.994	536.691	400.991
262	2.61000	541.151	529.442	400.883	654.374	536.661	401.003
263	2.62000	540.849	529.441	400.844	654.799	536.464	400.887
264	2.63000	540.619	529.415	400.920	655.199	536.388	400.785
265	2.64000	540.370	529.404	400.855	655.588	536.316	400.885
266	2.65000	540.146	529.336	400.615	656.009	536.340	400.839
267	2.66000	539.902	529.251	400.648	656.414	536.345	400.845
268	2.67000	539.605	529.271	400.819	656.792	536.352	400.858
269	2.68000	539.373	529.149	400.733	657.185	536.352	400.822
270	2.69000	539.094	529.061	400.816	657.559	536.278	400.851
271	2.70000	538.929	529.097	400.745	657.933	536.251	400.805
272	2.71000	538.645	529.081	400.681	658.361	536.304	400.851
273	2.72000	538.465	528.920	400.996	658.767	536.365	400.935
274	2.73000	538.241	528.904	400.987	659.165	536.490	400.884
275	2.74000	537.986	528.920	400.892	659.528	536.586	400.952
276	2.75000	537.727	528.880	400.934	659.906	536.620	400.968
277	2.76000	537.497	528.895	400.894	660.309	536.689	400.900
278	2.77000	537.167	528.919	400.921	660.692	536.724	400.900
279	2.78000	536.858	529.001	400.790	661.070	536.828	400.872
280	2.79000	536.604	529.016	400.746	661.474	536.931	400.760
281	2.80000	536.335	529.055	400.660	661.820	536.954	400.833
282	2.81000	536.067	529.029	400.739	662.191	537.046	400.778
283	2.82000	535.809	529.027	400.831	662.563	537.309	400.773
284	2.83000	535.579	529.076	400.726	662.970	537.375	400.934
285	2.84000	535.342	529.182	400.696	663.353	537.432	400.935
286	2.85000	535.078	529.090	400.668	663.717	537.273	400.844
287	2.86000	534.828	529.041	400.789	664.131	537.169	400.923
288	2.87000	534.555	529.011	400.787	664.564	537.098	400.798
289	2.88000	534.303	528.995	400.741	664.932	537.128	400.850
290	2.89000	534.079	528.891	400.668	665.301	537.126	400.855
291	2.90000	533.780	528.935	400.795	665.736	537.068	400.761
292	2.91000	533.541	528.904	400.744	666.107	536.995	400.886
293	2.92000	533.302	528.919	400.692	666.472	536.975	400.862
294	2.93000	533.043	528.748	400.621	666.848	536.971	400.804
295	2.94000	532.905	528.523	400.736	667.213	536.976	400.826
296	2.95000	532.617	528.492	400.834	667.635	537.001	400.861
297	2.96000	532.310	528.462	400.883	668.015	537.021	400.834
298	2.97000	532.101	528.467	400.826	668.369	537.019	400.890
299	2.98000	531.758	528.526	400.680	668.787	537.074	400.776
300	2.99000	531.472	528.492	400.736	669.150	537.158	400.847
301	3.00000	531.209	528.508	400.798	669.520	537.221	400.976
302	3.01000	530.952	528.529	400.773	669.896	537.302	400.922
303	3.02000	530.702	528.702	400.709	670.256	537.346	400.917
304	3.03000	530.430	528.570	400.760	670.629	537.376	400.954
305	3.04000	530.134	528.791	400.803	671.020	537.414	400.848
306	3.05000	529.877	528.760	400.779	671.361	537.451	400.865
307	3.06000	529.620	528.764	400.755	671.754	537.523	400.836
308	3.07000	529.368	528.707	400.763	672.134	537.594	400.766
309	3.08000	529.165	528.704	400.697	672.442	537.683	400.795
310	3.09000	528.870	528.646	400.691	672.841	537.773	400.705
311	3.10000	528.625	528.648	400.610	673.250	537.887	400.809
312	3.11000	528.312	528.478	400.697	673.560	537.837	400.788
313	3.12000	528.080	528.464	400.610	674.004	537.756	400.726
314	3.13000	527.802	528.398	400.697	674.377	537.814	400.810
315	3.14000	527.541	528.367	400.758	674.725	537.814	400.931
316	3.15000	527.318	528.328	400.749	675.149	537.752	400.678
317	3.16000	527.078	528.338	400.700	675.478	537.747	400.820
318	3.17000	526.796	528.275	400.806	675.869	537.664	400.836
319	3.18000	526.541	528.263	400.832	676.310	537.723	400.733
320	3.19000	526.235	528.300	400.750	676.636	537.699	400.800
321	3.20000	526.078	528.236	400.841	676.973	537.681	400.834
322	3.21000	525.756	528.241	400.834	677.390	537.663	400.768
323	3.22000	525.422	528.288	400.767	677.744	537.648	400.827
324	3.23000	525.162	528.285	400.763	678.122	537.660	400.849
325	3.24000	524.929	528.235	400.612	678.495	537.686	400.768
326	3.25000	524.666	528.274	400.558	678.823	537.768	400.913
327	3.26000	524.371	528.407	400.719	679.238	537.780	400.773
328	3.27000	524.092	528.304	400.809	679.619	537.853	400.827
329	3.28000	523.843	528.324	400.800	679.954	537.848	400.908
330	3.29000	523.579	528.342	400.696	680.325	537.920	400.874
331	3.30000	523.303	528.309	400.767	680.681	537.989	400.890
332	3.31000	523.054	528.281	400.773	681.039	538.039	400.935
333	3.32000	522.745	528.357	400.774	681.421	538.071	400.868
334	3.33000	522.488	528.256	400.753	681.778	538.105	400.838
335	3.34000	522.245	528.242	400.723	682.119	538.142	400.858
336	3.35000	521.963	528.246	400.829	682.510	538.192	400.759
337	3.36000	521.697	528.109	400.797	682.860	538.243	400.792
338	3.37000	521.448	528.117	400.736	683.218	538.285	400.838
339	3.38000	521.180	528.005	400.770	683.588	538.329	400.730
340	3.39000	520.921	528.043	400.697	683.926	538.385	400.843
341	3.40000	520.698	528.084	400.756	684.319	538.335	400.816
342	3.41000	520.421	527.855	400.780	684.722	538.392	400.684
343	3.42000	520.211	527.782	400.768	685.031	538.419	400.850
344	3.43000	519.907	527.866	400.736	685.412	538.370	400.782
345	3.44000	519.547	527.907	400.684	685.811	538.365	400.740
346	3.45000	519.286	527.881	400.682	686.168	538.324	400.831
347	3.46000	518.996	527.839	400.644	686.515	538.304	400.835
348	3.47000	518.726	527.856	400.629	686.896	538.312	400.769
349	3.48000	518.448	527.954	400.650	687.228	538.327	400.823
350	3.49000	518.159	527.934	400.729	687.616	538.329	400.816
351	3.50000	517.915	527.956	400.582	687.993	538.337	400.766
352	3.51000	517.645	527.877	400.568	688.327	538.319	400.850
353	3.52000	517.354	527.880	400.664	688.700	538.352	400.773
354	3.53000	517.059	528.004	400.711	689.083	538.373	400.783
355	3.54000	516.825	527.917	400.629	689.415	538.454	400.915
356	3.55000	516.537	527.796	400.710	689.817	538.522	400.785
357	3.56000	516.251	527.769	400.601	690.159	538.534	400.807
358	3.57000	515.949	527.676	400.755	690.512	538.547	400.872
359	3.58000	515.680	527.752	400.738	690.870	538.602	400.846
360	3.59000	515.414	527.670	400.706	691.220	538.681	400.882
361	3.60000	515.132	527.767	400.629	691.570	538.713	400.918
362	3.61000	514.950	527.550	400.855	691.960	538.761	400.793
363	3.62000	514.686	527.525	400.938	692.312	538.799	400.859
364	3.63000	514.397	527.524	400.900	692.650	538.834	400.854
365	3.64000	514.031	527.595	400.753	693.036	538.866	400.775
366	3.65000	513.756	527.567	400.759	693.377	538.923	400.799
367	3.66000	513.466	527.566	400.789	693.732	538.957	400.820
368	3.67000	513.200	527.576	400.756	694.125	538.994	400.724
369	3.68000	512.916	527.583	400.749	694.472	538.988	400.806
370	3.69000	512.670	527.598	400.672	694.847	538.998	400.806
371	3.70000	512.343	527.553	400.773	695.212	539.012	400.718
372	3.71000	512.072	527.574	400.760	695.523	539.040	400.841
373	3.72000	511.805	527.602	400.728	695.902	539.005	400.749
374	3.73000	511.519	527.600	400.672	696.295	539.015	400.728
375	3.74000	511.244	527.650	400.746	696.608	539.064	400.882
376	3.75000	510.975	527.638	400.851	696.983	539.012	400.760
377	3.76000	510.693	527.510	400.592	697.352	539.006	400.702
378	3.77000	510.403	527.570	400.689	697.666	538.963	400.808
379	3.78000	510.113	527.536	400.720	698.060	538.962	400.788
380	3.79000	509.824	527.486	400.751	698.417	538.963	400.763
381	3.80000	509.544	527.485	400.726	698.756	538.990	400.834
382	3.81000	509.281	527.488	400.675	699.122	539.025	400.749
383	3.82000	508.998	527.426	400.737	699.496	539.045	400.750
384	3.83000	508.735	527.367	400.688	699.827	539.111	400.885
385	3.84000	508.482	527.256	400.652	700.217	539.082	400.762
386	3.85000	508.196	527.169	400.597	700.534	539.163	400.826
387	3.86000	507.920	527.113	400.622	700.883	539.220	400.791
388	3.87000	507.651	527.147	400.608	701.262	539.271	400.778
389	3.88000	507.404	527.108	400.735	701.593	539.318	400.838
390	3.89000	507.111	527.153	400.583	701.943	539.370	400.878
391	3.90000	506.817	527.253	400.565	702.308	539.412	400.794
392	3.91000	506.527	527.042	400.668	702.649	539.455	400.821
393	3.92000	506.250	527.118	400.693	703.003	539.487	400.845
394	3.93000	505.970	527.056	400.671	703.366	539.513	400.807
395	3.94000	505.716	526.975	400.567	703.709	539.556	400.789
396	3.95000	505.410	527.219	400.553	704.036	539.566	400.820
397	3.96000	505.136	527.122	400.629	704.422	539.573	400.790
398	3.97000	504.874	527.051	400.446	704.777	539.599	400.814
399	3.98000	504.604	526.980	400.435	705.115	539.627	400.813
400	3.99000	504.320	527.040	400.633	705.475	539.659	400.746
401	4.00000	504.027	527.209	400.545	705.809	539.731	400.837
402	4.01000	503.727	526.976	400.707	706.167	539.659	400.813
403	4.02000	503.504	526.903	400.571	706.513	539.646	400.750
404	4.03000	503.204	527.097	400.588	706.841	539.608	400.780
405	4.04000	502.940	527.149	400.606	707.179	539.607	400.779
406	4.05000	502.658	527.037	400.671	707.564	539.615	400.750
407	4.06000	502.379	526.934	400.649	707.905	539.646	400.779
408	4.07000	502.174	526.806	400.553	708.243	539.666	400.779
409	4.08000	501.878	526.961	400.619	708.592	539.650	400.745
410	4.09000	501.594	527.036	400.682	708.933	539.674	400.774
411	4.10000	501.320	527.010	400.760	709.305	539.708	400.751
412	4.11000	501.031	526.833	400.796	709.662	539.739	400.731
413	4.12000	500.771	526.910	400.659	709.982	539.817	400.827
414	4.13000	500.484	526.995	400.742	710.325	539.833	400.811
415	4.14000	500.184	526.735	400.634	710.694	539.891	400.760
416	4.15000	499.874	526.840	400.712	711.027	539.901	400.777
417	4.16000	499.605	526.846	400.632	711.359	539.899	400.793
418	4.17000	499.305	526.907	400.654	711.712	539.991	400.792
419	4.18000	499.050	527.016	400.685	712.053	540.036	400.823
420	4.19000	498.771	526.922	400.664	712.402	540.083	400.792
421	4.20000	498.521	526.756	400.477	712.746	540.113	400.777
422	4.21000	498.235	526.898	400.626	713.078	540.145	400.795
423	4.22000	497.951	526.997	400.553	713.435	540.161	400.777
424	4.23000	497.692	526.754	400.628	713.782	540.187	400.791
425	4.24000	497.416	526.655	400.656	714.112	540.217	400.780
426	4.25000	497.166	526.754	400.462	714.472	540.231	400.791
427	4.26000	496.860	526.657	400.661	714.818	540.235	400.805
428	4.27000	496.584	526.670	400.621	715.165	540.248	400.820
429	4.28000	496.307	526.595	400.582	715.500	540.250	400.793
430	4.29000	496.054	526.541	400.575	715.827	540.249	400.753
431	4.30000	495.749	526.614	400.606	716.150	540.275	400.729
432	4.31000	495.473	526.461	400.706	716.501	540.281	400.728
433	4.32000	495.217	526.348	400.691	716.839	540.274	400.730
434	4.33000	495.013	526.608	400.570	717.162	540.280	400.707
435	4.34000	494.683	526.511	400.562	717.487	540.259	400.712
436	4.35000	494.430	526.521	400.595	717.847	540.271	400.724
437	4.36000	494.122	526.396	400.678	718.193	540.289	400.739
438	4.37000	493.829	526.299	400.734	718.536	540.313	400.727
439	4.38000	493.556	526.380	400.674	718.864	540.325	400.688
440	4.39000	493.291	526.475	400.558	719.177	540.399	400.803
441	4.40000	492.995	526.478	400.632	719.531	540.343	400.756
442	4.41000	492.749	526.224	400.497	719.881	540.383	400.728
443	4.42000	492.479	526.295	400.485	720.173	540.470	400.760
444	4.43000	492.205	526.569	400.559	720.511	540.497	400.764
445	4.44000	491.920	526.266	400.513	720.849	540.555	400.695
446	4.45000	491.663	526.280	400.499	721.198	540.577	400.741
447	4.46000	491.361	526.254	400.748	721.525	540.597	400.704
448	4.47000	491.071	526.456	400.575	721.849	540.637	400.712
449	4.48000	490.804	526.435	400.617	722.163	540.708	400.754
450	4.49000	490.526	526.224	400.601	722.492	540.751	400.747
451	4.50000	490.207	526.310	400.669	722.817	540.757	400.754
452	4.51000	489.982	526.487	400.598	723.145	540.805	400.718
453	4.52000	489.693	526.481	400.565	723.483	540.819	400.723
454	4.53000	489.396	526.253	400.732	723.801	540.828	400.747
455	4.54000	489.155	526.137	400.625	724.139	540.854	400.753
456	4.55000	488.853	526.324	400.665	724.474	540.872	400.729
457	4.56000	488.641	526.342	400.453	724.801	540.845	400.765
458	4.57000	488.369	526.209	400.604	725.115	540.870	400.733
459	4.58000	488.084	526.093	400.624	725.456	540.897	400.693
460	4.59000	487.858	526.089	400.573	725.768	540.898	400.734
461	4.60000	487.575	526.148	400.571	726.093	540.897	400.743
462	4.61000	487.284	525.987	400.699	726.413	540.905	400.694
463	4.62000	487.034	525.967	400.716	726.720	540.899	400.677
464	4.63000	486.773	526.006	400.583	727.026	540.895	400.705
465	4.64000	486.452	526.111	400.518	727.353	540.913	400.670
466	4.65000	486.166	526.030	400.607	727.690	540.913	400.676
467	4.66000	485.872	525.889	400.686	727.996	540.896	400.704
468	4.67000	485.631	525.796	400.511	728.329	540.924	400.653
469	4.68000	485.339	525.885	400.634	728.654	540.924	400.662
470	4.69000	485.055	525.981	400.633	728.966	540.943	400.705
471	4.70000	484.810	526.108	400.542	729.296	540.979	400.699
472	4.71000	484.535	525.991	400.575	729.615	541.060	400.728
473	4.72000	484.233	525.967	400.621	729.927	541.094	400.771
474	4.73000	483.989	525.977	400.530	730.235	541.124	400.756
475	4.74000	483.711	525.886	400.650	730.584	541.149	400.732
476	4.75000	483.435	525.869	400.614	730.880	541.185	400.750
477	4.76000	483.163	525.790	400.697	731.216	541.244	400.730
478	4.77000	482.952	525.778	400.483	731.549	541.287	400.680
479	4.78000	482.662	525.642	400.680	731.853	541.301	400.711
480	4.79000	482.393	525.657	400.674	732.139	541.338	400.761
481	4.80000	482.114	525.561	400.658	732.471	541.384	400.713
482	4.81000	481.853	525.748	400.660	732.779	541.436	400.700
483	4.82000	481.591	525.700	400.685	733.093	541.444	400.743
484	4.83000	481.324	525.713	400.660	733.420	541.482	400.710
485	4.84000	481.035	525.736	400.700	733.741	541.484	400.693
486	4.85000	480.763	525.540	400.716	734.040	541.485	400.739
487	4.86000	480.456	525.564	400.646	734.364	541.496	400.751
488	4.87000	480.227	525.603	400.685	734.698	541.498	400.701
489	4.88000	479.950	525.611	400.648	734.997	541.504	400.749
490	4.89000	479.690	525.432	400.520	735.307	541.514	400.764
491	4.90000	479.374	525.457	400.507	735.637	541.505	400.685
492	4.91000	479.064	525.620	400.591	735.909	541.506	400.665
493	4.92000	478.823	525.695	400.551	736.193	541.497	400.687
494	4.93000	478.568	525.421	400.474	736.524	541.515	400.609
495	4.94000	478.289	525.593	400.366	736.828	541.523	400.641
496	4.95000	478.042	525.685	400.364	737.090	541.523	400.653
497	4.96000	477.732	525.780	400.535	737.382	541.494	400.526
498	4.97000	477.529	525.577	400.426	737.721	541.416	400.548
499	4.98000	477.256	525.333	400.601	738.029	541.427	400.638
500	4.99000	476.930	525.341	400.578	738.306	541.517	400.590
501	5.00000	476.648	525.649	400.555	738.630	541.550	400.530
502	5.01000	476.404	525.545	400.470	738.928	541.596	400.638
503	5.02000	476.113	525.326	400.395	739.217	541.610	400.645
504	5.03000	475.876	525.222	400.340	739.518	541.681	400.622
505	5.04000	475.590	525.426	400.356	739.857	541.731	400.692
506	5.05000	475.335	525.429	400.481	740.120	541.751	400.734
507	5.06000	475.068	525.306	400.547	740.434	541.806	400.708
508	5.07000	474.739	525.264	400.629	740.731	541.840	400.655
509	5.08000	474.508	525.477	400.512	741.037	541.863	400.718
510	5.09000	474.223	525.357	400.536	741.343	541.911	400.678
511	5.10000	473.907	525.361	400.595	741.645	541.948	400.610
512	5.11000	473.657	525.374	400.546	741.931	541.961	400.663
513	5.12000	473.353	525.237	400.616	742.215	541.993	400.716
514	5.13000	473.080	525.247	400.562	742.513	542.037	400.664
515	5.14000	472.841	525.325	400.589	742.816	542.036	400.669
516	5.15000	472.492	525.334	400.492	743.084	542.051	400.696
517	5.16000	472.300	525.008	400.538	743.394	542.060	400.714
518	5.17000	471.969	525.291	400.530	743.689	542.094	400.633
519	5.18000	471.697	525.303	400.545	743.966	542.073	400.672
520	5.19000	471.384	525.154	400.674	744.237	542.070	400.728
521	5.20000	471.158	525.077	400.473	744.570	542.077	400.682
522	5.21000	470.900	525.188	400.391	744.856	542.072	400.661
523	5.22000	470.656	525.168	400.628	745.128	542.062	400.717
524	5.23000	470.375	525.282	400.599	745.398	542.084	400.671
525	5.24000	470.089	525.028	400.489	745.694	542.123	400.592
526	5.25000	469.829	525.105	400.496	745.972	542.132	400.661
527	5.26000	469.557	525.107	400.512	746.226	542.119	400.662
528	5.27000	469.256	525.166	400.631	746.552	542.144	400.605
529	5.28000	468.966	524.991	400.541	746.808	542.161	400.563
530	5.29000	468.695	525.080	400.467	747.049	542.160	400.597
531	5.30000	468.447	524.936	400.489	747.323	542.091	400.564
532	5.31000	468.178	524.985	400.483	747.629	542.135	400.482
533	5.32000	467.888	525.022	400.457	747.891	542.154	400.527
534	5.33000	467.614	524.898	400.496	748.175	542.173	400.582
535	5.34000	467.373	524.969	400.457	748.497	542.255	400.556
536	5.35000	467.039	524.954	400.422	748.779	542.352	400.585
537	5.36000	466.748	525.062	400.552	749.052	542.371	400.701
538	5.37000	466.507	524.877	400.451	749.340	542.390	400.711
539	5.38000	466.203	524.824	400.523	749.643	542.425	400.645
540	5.39000	465.929	524.902	400.397	749.904	542.451	400.662
541	5.40000	465.676	524.837	400.371	750.173	542.480	400.720
542	5.41000	465.395	524.831	400.446	750.471	542.535	400.672
543	5.42000	465.154	524.693	400.343	750.764	542.542	400.666
544	5.43000	464.892	524.689	400.215	751.013	542.546	400.714
545	5.44000	464.585	524.854	400.370	751.311	542.596	400.665
546	5.45000	464.260	524.689	400.668	751.614	542.619	400.600
547	5.46000	464.003	524.875	400.340	751.875	542.635	400.616
548	5.47000	463.721	524.481	400.301	752.114	542.596	400.723
549	5.48000	463.479	524.754	400.173	752.418	542.627	400.659
550	5.49000	463.134	524.530	400.406	752.705	542.633	400.567
551	5.50000	462.879	524.676	400.505	752.937	542.595	400.661
552	5.51000	462.583	524.528	400.251	753.217	542.622	400.660
553	5.52000	462.343	524.674	400.255	753.499	542.634	400.585
554	5.53000	462.076	524.613	400.395	753.770	542.634	400.541
555	5.54000	461.771	524.740	400.465	754.004	542.600	400.665
556	5.55000	461.497	524.446	400.439	754.270	542.572	400.578
557	5.56000	461.209	524.534	400.482	754.559	542.593	400.517
558	5.57000	460.909	524.527	400.375	754.837	542.575	400.530
559	5.58000	460.628	524.551	400.610	755.100	542.528	400.647
560	5.59000	460.382	524.373	400.098	755.415	542.562	400.625
561	5.60000	460.062	524.400	400.355	755.689	542.568	400.538
562	5.61000	459.812	524.504	400.681	755.929	542.578	400.574
563	5.62000	459.535	524.409	400.250	756.168	542.598	400.582
564	5.63000	459.273	524.418	400.440	756.405	542.695	400.520
565	5.64000	458.971	524.406	400.423	756.704	542.822	400.518
566	5.65000	458.688	524.514	400.428	756.974	542.863	400.607
567	5.66000	458.344	524.464	400.631	757.200	542.850	400.618
568	5.67000	458.089	524.361	400.578	757.459	542.861	400.505
569	5.68000	457.768	524.360	400.655	757.733	542.810	400.476
570	5.69000	457.519	524.397	400.430	758.017	542.921	400.607
571	5.70000	457.237	524.348	400.440	758.276	542.956	400.627
572	5.71000	456.957	524.434	400.674	758.527	543.036	400.606
573	5.72000	456.743	524.287	400.381	758.800	543.050	400.622
574	5.73000	456.423	524.152	400.663	759.035	543.057	400.675
575	5.74000	456.146	524.432	400.449	759.287	543.065	400.680
576	5.75000	455.848	524.324	400.416	759.563	543.081	400.623
577	5.76000	455.535	524.249	400.567	759.823	543.111	400.614
578	5.77000	455.301	524.097	400.338	760.043	543.121	400.670
579	5.78000	455.003	524.200	400.122	760.302	543.108	400.659
580	5.79000	454.701	524.197	400.383	760.578	543.121	400.602
581	5.80000	454.451	524.247	400.380	760.816	543.136	400.611
582	5.81000	454.107	523.969	400.519	761.056	543.150	400.649
583	5.82000	453.883	524.118	400.189	761.322	543.155	400.652
584	5.83000	453.538	524.051	400.485	761.563	543.144	400.587
585	5.84000	453.280	524.069	400.407	761.785	543.085	400.555
586	5.85000	453.028	523.971	400.133	761.998	543.073	400.569
587	5.86000	452.699	523.995	400.472	762.301	543.022	400.622
588	5.87000	452.471	523.840	400.478	762.556	543.051	400.556
589	5.88000	452.177	524.054	400.532	762.816	543.074	400.576
590	5.89000	451.905	523.971	400.423	763.042	543.066	400.616
591	5.90000	451.551	523.862	400.506	763.300	543.084	400.607
592	5.91000	451.260	523.867	400.514	763.561	543.115	400.555
593	5.92000	451.058	523.990	400.250	763.772	543.176	400.556
594	5.93000	450.726	523.909	400.480	763.998	543.206	400.598
595	5.94000	450.478	523.818	400.258	764.267	543.230	400.501
596	5.95000	450.184	523.737	400.366	764.565	543.211	400.499
597	5.96000	449.884	523.884	400.240	764.786	543.253	400.484
598	5.97000	449.579	523.848	400.174	765.016	543.280	400.583
599	5.98000	449.326	523.960	400.190	765.280	543.403	400.634
600	5.99000	449.014	523.922	400.255	765.536	543.435	400.597
601	6.00000	448.714	523.911	400.311	765.786	543.467	400.577
602	6.01000	448.396	523.786	400.507	766.019	543.489	400.632
603	6.02000	448.151	523.790	400.274	766.264	543.519	400.627
604	6.03000	447.901	523.716	400.407	766.520	543.536	400.591
605	6.04000	447.518	523.786	400.298	766.749	543.546	400.559
606	6.05000	447.264	523.606	400.472	766.948	543.538	400.577
607	6.06000	447.042	523.630	400.053	767.185	543.541	400.559
608	6.07000	446.769	523.710	400.326	767.439	543.568	400.494
609	6.08000	446.459	523.582	400.464	767.670	543.568	400.492
610	6.09000	446.094	523.579	400.578	767.927	543.563	400.585
611	6.10000	445.774	523.581	400.407	768.125	543.517	400.516
612	6.11000	445.557	523.703	400.372	768.373	543.530	400.467
613	6.12000	445.256	523.379	400.325	768.594	543.578	400.498
614	6.13000	444.987	523.542	400.054	768.857	543.496	400.515
615	6.14000	444.685	523.585	400.192	769.091	543.494	400.541
616	6.15000	444.319	523.672	400.230	769.333	543.547	400.612
617	6.16000	444.019	523.651	400.199	769.584	543.556	400.591
618	6.17000	443.747	523.659	400.475	769.801	543.581	400.621
619	6.18000	443.452	523.585	400.485	770.020	543.694	400.623
620	6.19000	443.160	523.593	400.485	770.256	543.702	400.605
621	6.20000	442.911	523.522	400.263	770.467	543.682	400.535
622	6.21000	442.551	523.532	400.340	770.693	543.680	400.549
623	6.22000	442.254	523.405	400.400	770.903	543.709	400.567
624	6.23000	441.960	523.374	400.358	771.137	543.720	400.521
625	6.24000	441.702	523.372	400.103	771.386	543.760	400.502
626	6.25000	441.409	523.327	400.034	771.617	543.778	400.501
627	6.26000	441.117	523.378	400.094	771.883	543.839	400.623
628	6.27000	440.883	523.296	400.203	772.119	543.846	400.606
629	6.28000	440.580	523.347	399.862	772.355	543.866	400.590
630	6.29000	440.237	523.395	400.043	772.569	543.882	400.534
631	6.30000	439.971	523.195	400.257	772.782	543.886	400.580
632	6.31000	439.659	523.214	399.786	772.975	543.833	400.527
633	6.32000	439.389	523.213	400.077	773.218	543.851	400.524
634	6.33000	439.066	523.202	400.223	773.473	543.896	400.462
635	6.34000	438.718	523.185	400.208	773.700	543.834	400.547
636	6.35000	438.406	523.157	400.338	773.891	543.866	400.539
637	6.36000	438.141	523.223	400.394	774.125	543.895	400.523
638	6.37000	437.830	523.243	400.190	774.392	543.966	400.517
639	6.38000	437.478	523.096	400.575	774.591	543.879	400.549
640	6.39000	437.240	523.133	400.435	774.835	543.855	400.589
641	6.40000	436.933	523.198	400.190	775.074	543.853	400.601
642	6.41000	436.665	523.149	400.015	775.323	543.881	400.554
643	6.42000	436.349	523.058	400.154	775.539	543.904	400.557
644	6.43000	436.033	523.030	400.233	775.749	543.925	400.575
645	6.44000	435.737	523.060	400.437	775.960	543.943	400.594
646	6.45000	435.457	523.235	400.156	776.172	543.954	400.539
647	6.46000	435.146	523.095	400.499	776.387	543.968	400.513
648	6.47000	434.851	522.997	400.362	776.604	543.981	400.515
649	6.48000	434.552	522.941	400.362	776.821	543.991	400.518
650	6.49000	434.218	522.962	400.243	777.037	544.003	400.520
651	6.50000	433.921	522.885	400.125	777.246	544.023	400.510
652	6.51000	433.639	522.815	400.427	777.455	544.043	400.500
653	6.52000	433.331	522.824	400.098	777.672	544.033	400.502
654	6.53000	433.065	522.756	400.283	777.874	544.049	400.508
655	6.54000	432.784	522.725	400.204	778.096	544.068	400.495
656	6.55000	432.499	522.780	400.243	778.312	544.100	400.499
657	6.56000	432.131	522.723	400.402	778.512	544.184	400.552
658	6.57000	431.813	522.849	400.599	778.717	544.185	400.586
659	6.58000	431.629	522.812	400.028	778.917	544.197	400.563
660	6.59000	431.308	522.650	400.196	779.134	544.196	400.565
661	6.60000	430.928	522.691	400.165	779.350	544.207	400.568
662	6.61000	430.549	522.727	400.114	779.552	544.228	400.574
663	6.62000	430.236	522.729	400.188	779.748	544.247	400.596
664	6.63000	429.920	522.647	400.375	779.944	544.273	400.545
665	6.64000	429.636	522.749	400.396	780.147	544.270	400.550
666	6.65000	429.356	522.797	400.118	780.344	544.279	400.543
667	6.66000	429.013	522.619	400.463	780.556	544.264	400.561
668	6.67000	428.718	522.586	400.338	780.745	544.268	400.569
669	6.68000	428.383	522.636	400.496	780.954	544.281	400.560
670	6.69000	428.056	522.670	400.229	781.163	544.294	400.551
671	6.70000	427.803	522.541	400.216	781.351	544.295	400.559
672	6.71000	427.526	522.556	400.101	781.562	544.303	400.578
673	6.72000	427.272	522.426	400.210	781.758	544.296	400.599
674	6.73000	426.974	522.372	400.179	781.965	544.306	400.561
675	6.74000	426.603	522.516	400.159	782.167	544.323	400.567
676	6.75000	427.240	523.403	392.483	782.364	544.338	400.589
677	6.76000	425.999	522.371	400.565	782.567	544.328	400.595
678	6.77000	425.692	522.241	400.236	782.749	544.319	400.590
679	6.78000	425.332	522.176	400.721	782.949	544.319	400.567
680	6.79000	425.063	522.204	400.255	783.135	544.365	400.549
681	6.80000	424.730	522.317	400.488	783.339	544.392	400.556
682	6.81000	424.428	522.219	400.503	783.534	544.411	400.550
683	6.82000	424.103	522.224	400.401	783.722	544.413	400.559
684	6.83000	423.830	522.166	400.359	783.917	544.417	400.552
685	6.84000	423.496	522.152	400.337	784.104	544.431	400.533
686	6.85000	423.202	522.222	400.362	784.300	544.458	400.556
687	6.86000	422.928	522.298	400.023	784.514	544.494	400.504
688	6.87000	422.565	522.199	400.243	784.675	544.485	400.517
689	6.88000	422.263	522.140	400.351	784.869	544.490	400.511
690	6.89000	421.891	522.322	400.193	785.084	544.520	400.488
691	6.90000	421.629	522.309	400.054	785.264	544.548	400.485
692	6.91000	421.311	522.216	400.124	785.460	544.569	400.479
693	6.92000	421.021	522.260	400.112	785.636	544.603	400.521
694	6.93000	420.665	522.242	399.994	785.835	544.592	400.470
695	6.94000	420.378	522.123	400.089	786.010	544.602	400.482
696	6.95000	420.043	522.173	399.959	786.192	544.607	400.478
697	6.96000	419.777	522.063	400.076	786.369	544.648	400.520
698	6.97000	419.468	522.098	400.130	786.571	544.665	400.528
699	6.98000	419.147	522.109	399.990	786.744	544.676	400.511
700	6.99000	419.681	522.932	392.635	786.931	544.675	400.492
